{
    "data": [
        {
            "text": "Whe metata Note Chanter f Cmc movin a wal, Anvar inns uit jo\nwees on Rusgng a Bate Saino Gonmunty * I wan pica econ y yu calor\nAton tam amt so noose.",
            "section": "",
            "attribute": "",
            "index": 0,
            "type": "text"
        },
        {
            "text": "Intlhe gadvatng fom Catania Gate Unary nxt May wt a Bache tive\ncaro i I spt sto yers sung on anal nos mavaponert\necurie an Ihave ne goo teat sare w Corpora Sato nc. nce on you vb age tat\nyou are a no raton nect mis (t an ape ae coune i\nProne Maragenent.1 ako iene at hiconc n samme: wating in bas",
            "section": "",
            "attribute": "",
            "index": 1,
            "type": "text"
        },
        {
            "text": "Noel fd m rename ancn, wou vo mich Mat range oan narios. nil calor\ndicen Nonie ient a un ant ton",
            "section": "",
            "attribute": "",
            "index": 1,
            "type": "text"
        }
    ],
    "attachment_type": "image",
    "type": "attachment"
}