filename,width,height,seq_from_top,seq_from_bottom,width_prv,height_prv,width_nxt,height_nxt,text,type
2012ccf11ce565a8e1877fdc8eb9c9d7--sample-business-proposal-proposal-sample_slice1.jpg,0.437931034,0.03033839,1,10,0,0,0.256896552,0.022170362,sample proposal letter,Header
2012ccf11ce565a8e1877fdc8eb9c9d7--sample-business-proposal-proposal-sample_slice2.jpg,0.256896552,0.022170362,2,9,0.437931034,0.03033839,0.146551724,0.021003501,(on you gow tertcad,Header
2012ccf11ce565a8e1877fdc8eb9c9d7--sample-business-proposal-proposal-sample_slice3.jpg,0.146551724,0.021003501,3,8,0.256896552,0.022170362,0.15862069,0.078179697,"march 0, 2008",Date
2012ccf11ce565a8e1877fdc8eb9c9d7--sample-business-proposal-proposal-sample_slice4.jpg,0.15862069,0.078179697,4,7,0.146551724,0.021003501,0.15862069,0.021003501,ns. jane beiey june's paza  12 man steet broms. ny 10055,Addressee
2012ccf11ce565a8e1877fdc8eb9c9d7--sample-business-proposal-proposal-sample_slice5.jpg,0.15862069,0.021003501,5,6,0.15862069,0.078179697,0.960344828,0.159859977,dear ms. paley,Salutation
2012ccf11ce565a8e1877fdc8eb9c9d7--sample-business-proposal-proposal-sample_slice6.jpg,0.960344828,0.159859977,6,5,0.15862069,0.021003501,0.970689655,0.158693116,"iam pleased to mile jane's pazn's to become th exchsive ood provider orthe st. jams fanily day gioan-p, scheduled fo saturday june 17 in st. james parc  the event wil un rom 10:00am to 200pm, and we expect orer 200 fones fom al ove ou nelgitorhoad to be thereto lean up the par, lant babs, and pabt benches, bostatalland handbal cost ines, the event wil iso ncude a neighborhood batborue, face paining, puppet shows, ard a preseniaion by brow counstmemiber anthony marine. we expect the evento caw over 00 peopl i  a notto menton passorsty on jerome avenue.",Body
2012ccf11ce565a8e1877fdc8eb9c9d7--sample-business-proposal-proposal-sample_slice7.jpg,0.970689655,0.158693116,7,4,0.960344828,0.159859977,0.093103448,0.019836639,"we wilecoqnice your suppor on our promotonel yers our even program, and sign e wil have up on th day ofthe event councimenber marine and john sth wil aso recognize yo nthe remarks to te assembled neighbors. 1 thin vil be a good way to raise your nome recogrin in he nightortond  ihope you willbe ale to bea part ofthis eft improve one ofour neighborhoods most valuable asses iok forwart to answering ay questons you may have  in he meantime, best ot lack wil your business. ook fawond to pecking wil you n te coming days.",Body
2012ccf11ce565a8e1877fdc8eb9c9d7--sample-business-proposal-proposal-sample_slice8.jpg,0.093103448,0.019836639,8,3,0.970689655,0.158693116,0.237931034,0.059509918,"srce,",Closure
2012ccf11ce565a8e1877fdc8eb9c9d7--sample-business-proposal-proposal-sample_slice9.jpg,0.237931034,0.059509918,9,2,0.093103448,0.019836639,0.868965517,0.022170362,nat laver féends of t. james park rigsss 212,Sender
2012ccf11ce565a8e1877fdc8eb9c9d7--sample-business-proposal-proposal-sample_slice10.jpg,0.868965517,0.022170362,10,1,0.237931034,0.059509918,0,0,ftc putrcsins o put techo sdlee progr som oy +212 80100,Footer
33a558d26a987dd4a0976ad0c1d9ab02--cover-letter-example-cover-letters_slice1.jpg,0.826168224,0.062352941,1,17,0,0,0.957009346,0.038823529,sample cover letter  ior coule oo  dat smith,Header
33a558d26a987dd4a0976ad0c1d9ab02--cover-letter-example-cover-letters_slice2.jpg,0.957009346,0.038823529,2,16,0.826168224,0.062352941,0.214953271,0.011764706,1011 river oaks bhd. houston: texis 17019  home 71 s cela,Sender
33a558d26a987dd4a0976ad0c1d9ab02--cover-letter-example-cover-letters_slice3.jpg,0.214953271,0.011764706,3,15,0.957009346,0.038823529,0.18317757,0.009411765,lawson,Date
33a558d26a987dd4a0976ad0c1d9ab02--cover-letter-example-cover-letters_slice4.jpg,0.18317757,0.009411765,4,14,0.214953271,0.011764706,0.370093458,0.037647059,pepita,Addressee
33a558d26a987dd4a0976ad0c1d9ab02--cover-letter-example-cover-letters_slice5.jpg,0.370093458,0.037647059,5,13,0.18317757,0.009411765,0.179439252,0.009411765,descior of primate resourch,Addressee
33a558d26a987dd4a0976ad0c1d9ab02--cover-letter-example-cover-letters_slice6.jpg,0.179439252,0.009411765,6,12,0.370093458,0.037647059,0.242990654,0.012941176,,Addressee
33a558d26a987dd4a0976ad0c1d9ab02--cover-letter-example-cover-letters_slice7.jpg,0.242990654,0.012941176,7,11,0.179439252,0.009411765,0.887850467,0.021176471,foam tain,Addressee
33a558d26a987dd4a0976ad0c1d9ab02--cover-letter-example-cover-letters_slice8.jpg,0.887850467,0.021176471,8,10,0.242990654,0.012941176,0.188785047,0.009411765,"n number 10577. maiketing inn, houston cironicle dred 11/1208",Subject
33a558d26a987dd4a0976ad0c1d9ab02--cover-letter-example-cover-letters_slice9.jpg,0.188785047,0.009411765,9,9,0.887850467,0.021176471,0.968224299,0.097647059,,Salutation
33a558d26a987dd4a0976ad0c1d9ab02--cover-letter-example-cover-letters_slice10.jpg,0.968224299,0.097647059,10,8,0.188785047,0.009411765,0.94953271,0.076470588,"iam weiing in respone to your request that send a resume t youdcing our elton: conversation list teesday. please consider this resume as an application for your marketing intern positionreferenced above. insdiditon, spoke with your colleague. dr mork. and we talked about your position and he encouraged me to apply. you my recall thati reportad to dr. morky when we worked together at foley's departmint",Body
33a558d26a987dd4a0976ad0c1d9ab02--cover-letter-example-cover-letters_slice11.jpg,0.94953271,0.076470588,11,7,0.968224299,0.097647059,0.85046729,0.02,"i am partialady attracted to your positon because t nve ves mmrketing a vared wroup of progrims all frcused onone very interesting topie-primate reserch. you ill wee more dit from the tached resume, bt highlights of my qulications for your mahar ihe vo soli facut -",Body
33a558d26a987dd4a0976ad0c1d9ab02--cover-letter-example-cover-letters_slice12.jpg,0.85046729,0.02,12,6,0.94953271,0.076470588,0.874766355,0.038823529,i a previous inesnetip whhextensive se of desk op publishine and database,Body
33a558d26a987dd4a0976ad0c1d9ab02--cover-letter-example-cover-letters_slice13.jpg,0.874766355,0.038823529,13,5,0.85046729,0.02,0.807476636,0.04,i electonto provklet of the american marketing assocation. witha record of deforming te whe nt the nmn and b8,Body
33a558d26a987dd4a0976ad0c1d9ab02--cover-letter-example-cover-letters_slice14.jpg,0.807476636,0.04,14,4,0.874766355,0.038823529,0.878504673,0.04,a completion of rels: semester hours of marketing clases in addnion o sien n eline maleate snd soa,Body
33a558d26a987dd4a0976ad0c1d9ab02--cover-letter-example-cover-letters_slice15.jpg,0.878504673,0.04,15,3,0.807476636,0.04,0.930841121,0.056470588,i a 3.1 gpa while attending school fill inne intone service  ime und working par-,Body
33a558d26a987dd4a0976ad0c1d9ab02--cover-letter-example-cover-letters_slice16.jpg,0.930841121,0.056470588,16,2,0.878504673,0.04,0.491588785,0.023529412,pease consider me for your marketing intern position. it would be a plesur t work wih both you ard dr. monkey as we markt your program.you reach me at the dinal tenner:,Body
33a558d26a987dd4a0976ad0c1d9ab02--cover-letter-example-cover-letters_slice17.jpg,0.491588785,0.023529412,17,1,0.930841121,0.056470588,0,0,ee reverse sipe for commtents,Footer
affiliation-sample-letter_80-0_slice1.png,0.435643564,0.047244094,1,11,0,0,0.316831683,0.029527559,affiliation sample letter,Header
affiliation-sample-letter_80-0_slice2.png,0.316831683,0.029527559,2,10,0.435643564,0.047244094,0.198019802,0.019685039,anthony sales associates,Addressee
affiliation-sample-letter_80-0_slice3.png,0.198019802,0.019685039,3,9,0.316831683,0.029527559,0.193069307,0.019685039,,Addressee
affiliation-sample-letter_80-0_slice4.png,0.193069307,0.019685039,4,8,0.198019802,0.019685039,0.386138614,0.033464567,,Addressee
affiliation-sample-letter_80-0_slice5.png,0.386138614,0.033464567,5,7,0.193069307,0.019685039,0.962046205,0.07480315,dear anthony sales associates,Salutation
affiliation-sample-letter_80-0_slice6.png,0.962046205,0.07480315,6,6,0.386138614,0.033464567,0.882838284,0.07480315,we at diamond marketing are pleased that your company has decided to form a stratecic affifetion with us to grow our clobal sales force.,Body
affiliation-sample-letter_80-0_slice7.png,0.882838284,0.07480315,7,5,0.962046205,0.07480315,0.97029703,0.147637795,"by working together, we will be able to corner the photocopier market and maximize both companies profit while minimizing overhead costs.",Body
affiliation-sample-letter_80-0_slice8.png,0.97029703,0.147637795,8,4,0.882838284,0.07480315,0.892739274,0.106299213,"as per our previous agreement, diamond marketing will be responsible for recruting and training new sales people, while anthony sales associated will be responsible for setting up sales appointments and closing sales. both companies will ointly be responsible for order fullliment and customer service.",Body
affiliation-sample-letter_80-0_slice9.png,0.892739274,0.106299213,9,3,0.97029703,0.147637795,0.207920792,0.023622047,we truly hope that the relationship we have formed will be long lasting and prosperous for both parties. we truly believe that this is the beginning of somethina special,Body
affiliation-sample-letter_80-0_slice10.png,0.207920792,0.023622047,10,2,0.892739274,0.106299213,0.235973597,0.025590551,andes! regards:,Closure
affiliation-sample-letter_80-0_slice11.png,0.235973597,0.025590551,11,1,0.207920792,0.023622047,0,0,,Sender
Anna Thi Pan-Resume_slice1.jpg,0.138671875,0.012651822,1,19,0,0,0.362630208,0.015688259,,Sender
Anna Thi Pan-Resume_slice2.jpg,0.362630208,0.015688259,2,18,0.138671875,0.012651822,0.369791667,0.016194332,987 lewis st. charlottesville va 22904,Sender
Anna Thi Pan-Resume_slice3.jpg,0.369791667,0.016194332,3,17,0.362630208,0.015688259,0.1328125,0.01417004,annapan@virginia.edu | 434-983-0000,Sender
Anna Thi Pan-Resume_slice4.jpg,0.1328125,0.01417004,4,16,0.369791667,0.016194332,0.325520833,0.01417004,22-Apr-15,Date
Anna Thi Pan-Resume_slice5.jpg,0.325520833,0.01417004,5,15,0.1328125,0.01417004,0.360677083,0.015688259,"remi monoco, executive assistant",Addressee
Anna Thi Pan-Resume_slice6.jpg,0.360677083,0.015688259,6,14,0.325520833,0.01417004,0.201822917,0.013663968,the metropolitan waterfront alliance,Addressee
Anna Thi Pan-Resume_slice7.jpg,0.201822917,0.013663968,7,13,0.360677083,0.015688259,0.192708333,0.015182186,45/ madison avenue,Addressee
Anna Thi Pan-Resume_slice8.jpg,0.192708333,0.015182186,8,12,0.201822917,0.013663968,0.174479167,0.012651822,"new york, ny 10022",Addressee
Anna Thi Pan-Resume_slice9.jpg,0.174479167,0.012651822,9,11,0.192708333,0.015182186,0.972005208,0.149797571,dear mr. monoco:,Salutation
Anna Thi Pan-Resume_slice10.jpg,0.972005208,0.149797571,10,10,0.174479167,0.012651822,0.434895833,0.013663968,"i am applying for the position of office associate with the metropolitan waterfront alliance  (mwa) based on the recommendation of a mutual friend, kim power. i will graduate in may  2016 from the university of virginia (u.va.) with a bachelor of urban and environmental planning, a bachelor of arts in french and a minor in architecture. | will be moving to new york city soon and see this position as the ideal opportunity to contribute the skills i have gained from my professional experience, academic studies, and diverse background. | share the belief with mwa that waterfront areas should be accessible for all, and | am strongly motivated to make the new york and new jersey",Body
Anna Thi Pan-Resume_slice11.jpg,0.434895833,0.013663968,11,9,0.972005208,0.149797571,0.988932292,0.104757085,"shores a pleasant place to live, work and play.",Body
Anna Thi Pan-Resume_slice12.jpg,0.988932292,0.104757085,12,8,0.434895833,0.013663968,0.981119792,0.149291498,"my organizational and communication skills are well demonstrated in my work experiences in non- profit, corporate and student organization settings. currently, | intern with piedmont council of the arts which shares similar responsibilities to the position at mwa. during my internship, | provide administrative support, focusing on maintaining a contact database of local artists, creating a new filing system for the council and constructing e-mail campaigns. | have also interned at kpmg audit form, a",Body
Anna Thi Pan-Resume_slice13.jpg,0.981119792,0.149291498,13,7,0.988932292,0.104757085,0.553385417,0.01417004,"corporate environment where attention to detail was essential when managing client files and proofreading financial statements. in addition, | handled event logistics and publicized events when i served as publicity chair of the taiwanese student association at u.va. i have acquired a sophisticated understanding of urban affairs through my studies. my coursework included site assessment and data collection, application of planning regulations, and the development of recommendations in order to create neighborhood master plan and transportation plan. originally from taiwan, my residence in germany, france and the united states, as well as my extensive travel experience have fostered",Body
Anna Thi Pan-Resume_slice14.jpg,0.553385417,0.01417004,14,6,0.981119792,0.149291498,0.968098958,0.038461538,an ease in working with people from diverse backgrounds.,Body
Anna Thi Pan-Resume_slice15.jpg,0.968098958,0.038461538,15,5,0.553385417,0.01417004,0.473307292,0.013663968,kim power is sending you a letter in regards to my qualifications and 1 look forward to discussing my candidacy for this position with you as well. thank you for your time and thoughtful,Body
Anna Thi Pan-Resume_slice16.jpg,0.473307292,0.013663968,16,4,0.968098958,0.038461538,0.12109375,0.012145749,consideration. i hope to hear back trom you soon.,Body
Anna Thi Pan-Resume_slice17.jpg,0.12109375,0.012145749,17,3,0.473307292,0.013663968,0.138671875,0.012651822,"respectfully,",Closure
Anna Thi Pan-Resume_slice18.jpg,0.138671875,0.012651822,18,2,0.12109375,0.012145749,0.175130208,0.012651822,,Sender
Anna Thi Pan-Resume_slice19.jpg,0.175130208,0.012651822,19,1,0.138671875,0.012651822,0,0,enclosure: resume,Footer
Character-Reference-Sample-Letter-Template-Free-Download_slice1.jpg,0.114919355,0.026565465,1,12,0,0,0.379032258,0.064516129,,Addressee
Character-Reference-Sample-Letter-Template-Free-Download_slice2.jpg,0.379032258,0.064516129,2,11,0.114919355,0.026565465,0.076612903,0.020872865,vee prei to sas and matern ge not aa,Addressee
Character-Reference-Sample-Letter-Template-Free-Download_slice3.jpg,0.076612903,0.020872865,3,10,0.379032258,0.064516129,0.219758065,0.030360531,,Addressee
Character-Reference-Sample-Letter-Template-Free-Download_slice4.jpg,0.219758065,0.030360531,4,9,0.076612903,0.020872865,0.243951613,0.030360531,20 senenber 200,Date
Character-Reference-Sample-Letter-Template-Free-Download_slice5.jpg,0.243951613,0.030360531,5,8,0.219758065,0.030360531,0.963709677,0.066413662,towon t may encem,Salutation
Character-Reference-Sample-Letter-Template-Free-Download_slice6.jpg,0.963709677,0.066413662,6,7,0.243951613,0.030360531,0.965725806,0.170777989,is w aren esir ouly recommend e seit whe have metand own arte past fa your te se tine as h wat nor conouny as sles an,Body
Character-Reference-Sample-Letter-Template-Free-Download_slice7.jpg,0.965725806,0.170777989,7,6,0.963709677,0.066413662,0.965725806,0.10056926,"me sou isa vay eiusest, anda hrd wernaperan betas he onn hs katy tat verviess, and honesy to qu an rom t man wie he ven wring in ou consan. a vay consary tid to nordessinl intern yin to nce essen informaton fom him he di reget thr oter haveve he bought the nas t te serene mine sic one ale i e an tmetie",Body
Character-Reference-Sample-Letter-Template-Free-Download_slice8.jpg,0.965725806,0.10056926,8,5,0.965725806,0.170777989,0.965725806,0.066413662,h cheat and beady mur and peive has eared hs spell ace anong hs oue and has been anand am th most friendy pea o hi for yeas of ay n your formal ad,Body
Character-Reference-Sample-Letter-Template-Free-Download_slice9.jpg,0.965725806,0.066413662,9,4,0.965725806,0.10056926,0.060483871,0.015180266,h and ed naize cane out ina vey ncoich o oke in sume kid o commin sev whichis creted. ths i wah re rde and eur i econnend he raon,Body
Character-Reference-Sample-Letter-Template-Free-Download_slice10.jpg,0.060483871,0.015180266,10,3,0.965725806,0.066413662,0.157258065,0.028462998,,Body
Character-Reference-Sample-Letter-Template-Free-Download_slice11.jpg,0.157258065,0.028462998,11,2,0.060483871,0.015180266,0.110887097,0.022770398,swales,Closure
Character-Reference-Sample-Letter-Template-Free-Download_slice12.jpg,0.110887097,0.022770398,12,1,0.157258065,0.028462998,0,0,methew,Sender
College-Recommendation-Letter-Sample_slice1.jpeg,0.347921225,0.023504274,1,16,0,0,0.956236324,0.036324786,,Salutation
College-Recommendation-Letter-Sample_slice2.jpeg,0.956236324,0.036324786,2,15,0.347921225,0.023504274,0.958424508,0.070512821,"i am pleased to recommend anita school, who has been a student",Body
College-Recommendation-Letter-Sample_slice3.jpeg,0.958424508,0.070512821,3,14,0.956236324,0.036324786,0.956236324,0.036324786,"in my math class for the past three years. during that time, i have cam in eom her ws a shows steven and a rote migh tor bar",Body
College-Recommendation-Letter-Sample_slice4.jpeg,0.956236324,0.036324786,4,13,0.958424508,0.070512821,0.951859956,0.036324786,anita is a rare type of stident who combines exceptional natural,Body
College-Recommendation-Letter-Sample_slice5.jpeg,0.951859956,0.036324786,5,12,0.956236324,0.036324786,0.95404814,0.070512821,ability with a wilinaness and eacemess to leam. anta is able to,Body
College-Recommendation-Letter-Sample_slice6.jpeg,0.95404814,0.070512821,6,11,0.951859956,0.036324786,0.95404814,0.036324786,"help her peers with dificult mathematical concepts, but does so in a san than is foth br r ion man. conan cance. altanch alu i",Body
College-Recommendation-Letter-Sample_slice7.jpeg,0.95404814,0.036324786,7,10,0.95404814,0.070512821,0.95404814,0.036324786,avare of her natural ability in the area of mathematics. anita is,Body
College-Recommendation-Letter-Sample_slice8.jpeg,0.95404814,0.036324786,8,9,0.95404814,0.036324786,0.956236324,0.036324786,constantly challencing herself she is part of the school's mathletics,Body
College-Recommendation-Letter-Sample_slice9.jpeg,0.956236324,0.036324786,9,8,0.95404814,0.036324786,0.956236324,0.036324786,"team, which - challenges: local - students in",Body
College-Recommendation-Letter-Sample_slice10.jpeg,0.956236324,0.036324786,10,7,0.956236324,0.036324786,0.956236324,0.036324786,mathematical competitions. she is also active in the community af,Body
College-Recommendation-Letter-Sample_slice11.jpeg,0.956236324,0.036324786,11,6,0.956236324,0.036324786,0.772428884,0.034188034,the school by beina a member of greenpeace. and a cheerleader,Body
College-Recommendation-Letter-Sample_slice12.jpeg,0.772428884,0.034188034,12,5,0.956236324,0.036324786,0.956236324,0.036324786,while alo playing deferse on our school's soccer team,Body
College-Recommendation-Letter-Sample_slice13.jpeg,0.956236324,0.036324786,13,4,0.772428884,0.034188034,0.95404814,0.036324786,anita would make an excellent candidate for early admissions.,Body
College-Recommendation-Letter-Sample_slice14.jpeg,0.95404814,0.036324786,14,3,0.956236324,0.036324786,0.424507659,0.025641026,recommend her without hesitation. should you have any avestions.,Body
College-Recommendation-Letter-Sample_slice15.jpeg,0.424507659,0.025641026,15,2,0.95404814,0.036324786,0.295404814,0.021367521,please tee! tree to contact me.,Body
College-Recommendation-Letter-Sample_slice16.jpeg,0.295404814,0.021367521,16,1,0.424507659,0.025641026,0,0,est d warten,Sender
Example-Restaurant-Complaint-Letter_slice1.jpg,0.019230769,0.00952381,1,10,0,0,0.113636364,0.032380952,,Salutation
Example-Restaurant-Complaint-Letter_slice2.jpg,0.113636364,0.032380952,2,9,0.019230769,0.00952381,0.143356643,0.032380952,,Addressee
Example-Restaurant-Complaint-Letter_slice3.jpg,0.143356643,0.032380952,3,8,0.113636364,0.032380952,0.155594406,0.032380952,,Addressee
Example-Restaurant-Complaint-Letter_slice4.jpg,0.155594406,0.032380952,4,7,0.143356643,0.032380952,0.078671329,0.03047619,savon,Addressee
Example-Restaurant-Complaint-Letter_slice5.jpg,0.078671329,0.03047619,5,6,0.155594406,0.032380952,0.195804196,0.093333333,,Addressee
Example-Restaurant-Complaint-Letter_slice6.jpg,0.195804196,0.093333333,6,5,0.078671329,0.03047619,0.97027972,0.213333333,"1"" wa ane  ret t ando foot",Date
Example-Restaurant-Complaint-Letter_slice7.jpg,0.97027972,0.213333333,7,4,0.195804196,0.093333333,0.945804196,0.201904762,tra h jan  iv hr tay tye stn resaranon 02min ccie ny sai tin untrnnac; e s- sordan rc uly in you esuucore may pers  th dime tatt a voy stating ny wen we ver coved sore isles kein ad wictwor passt dts smet corm cup th saris e chee wit l eact ne hd specfea regen oa tee,Body
Example-Restaurant-Complaint-Letter_slice8.jpg,0.945804196,0.201904762,8,3,0.97027972,0.213333333,0.108391608,0.03047619,the ha cori itatermady but teactine a orden an amonse f vegrerin s wet as ronvegrurin pres ant bey somed i aie e sare  th at edeanin eaere mst wet narreed sevice ta oven ante tert ever sic yon wate preity reardo surer corions  fe yu aint hae ne ram slp seven,Body
Example-Restaurant-Complaint-Letter_slice9.jpg,0.108391608,0.03047619,9,2,0.945804196,0.201904762,0.096153846,0.03047619,,Closure
Example-Restaurant-Complaint-Letter_slice10.jpg,0.096153846,0.03047619,10,1,0.108391608,0.03047619,0,0,,Sender
Free-Sample-Business-Complaint-Letter_slice1.jpg,0.167372881,0.017730496,1,14,0,0,0.216101695,0.021276596,it lim,Sender
Free-Sample-Business-Complaint-Letter_slice2.jpg,0.216101695,0.021276596,2,13,0.167372881,0.017730496,0.188559322,0.019503546,huni tea yoite,Sender
Free-Sample-Business-Complaint-Letter_slice3.jpg,0.188559322,0.019503546,3,12,0.216101695,0.021276596,0.31779661,0.024822695,,Date
Free-Sample-Business-Complaint-Letter_slice4.jpg,0.31779661,0.024822695,4,11,0.188559322,0.019503546,0.184322034,0.021276596,commer,Addressee
Free-Sample-Business-Complaint-Letter_slice5.jpg,0.184322034,0.021276596,5,10,0.31779661,0.024822695,0.158898305,0.017730496,anwiminan,Addressee
Free-Sample-Business-Complaint-Letter_slice6.jpg,0.158898305,0.017730496,6,9,0.184322034,0.021276596,0.161016949,0.019503546,,Addressee
Free-Sample-Business-Complaint-Letter_slice7.jpg,0.161016949,0.019503546,7,8,0.158898305,0.017730496,0.127118644,0.014184397,,Addressee
Free-Sample-Business-Complaint-Letter_slice8.jpg,0.127118644,0.014184397,8,7,0.161016949,0.019503546,0.264830508,0.024822695,,Addressee
Free-Sample-Business-Complaint-Letter_slice9.jpg,0.264830508,0.024822695,9,6,0.127118644,0.014184397,0.139830508,0.015957447,dake teas tour ai,Addressee
Free-Sample-Business-Complaint-Letter_slice10.jpg,0.139830508,0.015957447,10,5,0.264830508,0.024822695,0.963983051,0.159574468,,Salutation
Free-Sample-Business-Complaint-Letter_slice11.jpg,0.963983051,0.159574468,11,4,0.139830508,0.015957447,0.944915254,0.159574468,"yoveoneenia a rond t fa hom anta, team to deva, mion i nade on decente 102950 tavel demands hve nade me a com sen pate o anerean rhe pas si yews nat time, seven on our ines h ays hon good to xceten buzan eeerunto n seee onthe aa entand above tas m reques ora 50 perce redaction on ny neste",Body
Free-Sample-Business-Complaint-Letter_slice12.jpg,0.944915254,0.159574468,12,3,0.963983051,0.159574468,0.148305085,0.017730496,"here m wnt haopenad on decender10 'e ctu lanes inn the o alsen, was format at ur api wt b deyn afor m ours dei. we booted ge we had jst inordeto metu cheap comeeton in onles mertakeat fom ofw os pie casiny normed us have stout be imoressedy e ac ac te onies fo ohn n on some ""rican fn mi avian fome",Body
Free-Sample-Business-Complaint-Letter_slice13.jpg,0.148305085,0.017730496,13,2,0.944915254,0.159574468,0.938559322,0.129432624,,Body
Free-Sample-Business-Complaint-Letter_slice14.jpg,0.938559322,0.129432624,14,1,0.148305085,0.017730496,0,0,ibeleve tats r eirng wos dne pares o aa and vs i no vay renia recessay asa yapan t anecan altre. at eas und pont nave emy tate cornensai| ators vit be rovded comte n np stu dalrin omit me onment,Body
letter-of-attestation-of-training-sample_93-0_slice1.png,0.715242881,0.087878788,1,6,0,0,0.174204355,0.054545455,letter of attestation of training sample,Header
letter-of-attestation-of-training-sample_93-0_slice2.png,0.174204355,0.054545455,2,5,0.715242881,0.087878788,0.209380235,0.054545455,"july 5th, 2008",Date
letter-of-attestation-of-training-sample_93-0_slice3.png,0.209380235,0.054545455,3,4,0.174204355,0.054545455,0.971524288,0.284848485,dear wiliam hil,Salutation
letter-of-attestation-of-training-sample_93-0_slice4.png,0.971524288,0.284848485,4,3,0.209380235,0.054545455,0.120603015,0.042424242,"i hereby attest that | have completed all the necessary courses to become a certified financial advisor. | have a valid series 7, as well as an investment license, which are the requirements in the state of new york to advice clients on financial matters. i declare that the above statement is true and accurate to the best of my knowledge.",Body
letter-of-attestation-of-training-sample_93-0_slice5.png,0.120603015,0.042424242,5,2,0.971524288,0.284848485,0.120603015,0.045454545,sincerely,Closure
letter-of-attestation-of-training-sample_93-0_slice6.png,0.120603015,0.045454545,6,1,0.120603015,0.042424242,0,0,signature,Sender
letter-of-direction-sample_185-0_slice1.png,0.47826087,0.057026477,1,7,0,0,0.252508361,0.036659878,letter of direction sample,Header
letter-of-direction-sample_185-0_slice2.png,0.252508361,0.036659878,2,6,0.47826087,0.057026477,0.311036789,0.077393075,ralph l. greenwood,Addressee
letter-of-direction-sample_185-0_slice3.png,0.311036789,0.077393075,3,5,0.252508361,0.036659878,0.147157191,0.034623218,1785 franklin avenue corpus christ tx 78412,Addressee
letter-of-direction-sample_185-0_slice4.png,0.147157191,0.034623218,4,4,0.311036789,0.077393075,0.936454849,0.118126273,dear ralph,Salutation
letter-of-direction-sample_185-0_slice5.png,0.936454849,0.118126273,5,3,0.147157191,0.034623218,0.971571906,0.156822811,"i hereby transfer the right of power to trade over trading account #456343 at prudential financial to james cricker, beginning on december 4th, 2009 and commencing december 4th, 2010.",Body
letter-of-direction-sample_185-0_slice6.png,0.971571906,0.156822811,6,2,0.936454849,0.118126273,0.869565217,0.079429735,"with this agreement, james cricker is permitted to trade up to $100,000 of the contents of account #456349 an the open market. he is not permitted to make any drawings, or take any management fees until he turns a profi of at least 5% on the whole amount",Body
letter-of-direction-sample_185-0_slice7.png,0.869565217,0.079429735,7,1,0.971571906,0.156822811,0,0,"if james cricker violates these terms, he will be subject to the penalties negotiated in contract #156454, his personal services contract.",Body
letter-of-donation-to-business-sample_195-4_slice1.png,0.971428571,0.297912713,1,5,0,0,0.969747899,0.111954459,"letter of donation to business sample  dear sir or madam,  i am writing on behalf of hoffmeister children's charity, that raises money for child medical bils. each year we hold a number of fun family fundraising events in the local community, such as a soccer tournament, bbq cookout and talent contests.",Header
letter-of-donation-to-business-sample_195-4_slice2.png,0.969747899,0.111954459,2,4,0.971428571,0.297912713,0.959663866,0.111954459,"i'd like to request that your business considers spansoring one of our upcoming talent contests. we get turnouts between 500 to 1000, and your details will be included on all leaflets and programs, and on a big banner above the stage.",Body
letter-of-donation-to-business-sample_195-4_slice3.png,0.959663866,0.111954459,3,3,0.969747899,0.111954459,0.894117647,0.043643264,"this is a great opportunity to promote your business and create goodwill within the community. all donations are also tax deductible, as we are a registered charity.",Body
letter-of-donation-to-business-sample_195-4_slice4.png,0.894117647,0.043643264,4,2,0.959663866,0.111954459,0.112605042,0.037950664,if this may be of interest to you please get back to me on (541) 480-6259,Body
letter-of-donation-to-business-sample_195-4_slice5.png,0.112605042,0.037950664,5,1,0.894117647,0.043643264,0,0,"regards,",Closure
letter-of-interest-24_slice1.jpg,0.632857143,0.056179775,1,7,0,0,0.178571429,0.032102729,letter of job interest sample,Header
letter-of-interest-24_slice2.jpg,0.178571429,0.032102729,2,6,0.632857143,0.056179775,0.201428571,0.065810594,misuel j. brewer,Addressee
letter-of-interest-24_slice3.jpg,0.201428571,0.065810594,3,5,0.178571429,0.032102729,0.957142857,0.16211878,"3157 limer street augusta, ga 30901",Addressee
letter-of-interest-24_slice4.jpg,0.957142857,0.16211878,4,4,0.201428571,0.065810594,0.974285714,0.266452648,"dear mr. brewer.  it has recently come to my attention that jacqueline k. cornell will be vacating her current position at the end of the month, while it is sad to see her go, 1 am interested in filling the post he occupied.",Salutation
letter-of-interest-24_slice5.jpg,0.974285714,0.266452648,5,3,0.957142857,0.16211878,0.121428571,0.030497592,"i have been working for brewer retail for quite a while now, and 1 feel that 1 would be a perfect fi to move into his job and take over his responsibilities.  i know there must be many other people in this office that are inquiring about this position, but i truly feel that i an more qualified than any of them are.  when the time to choose his successor comes, would you please keep me in mind? there is nothing: i would love more than progress further up the ladder at b brewer retail",Body
letter-of-interest-24_slice6.jpg,0.121428571,0.030497592,6,2,0.974285714,0.266452648,0.231428571,0.032102729,,Closure
letter-of-interest-24_slice7.jpg,0.231428571,0.032102729,7,1,0.121428571,0.030497592,0,0,lincoln a. alldredze,Sender
letter-of-interest-26_slice1.jpg,0.481818182,0.03190319,1,8,0,0,0.151515152,0.02090209,sample letter of interest,Header
letter-of-interest-26_slice2.jpg,0.151515152,0.02090209,2,7,0.481818182,0.03190319,0.395454545,0.063806381,june 29. 2006,Date
letter-of-interest-26_slice3.jpg,0.395454545,0.063806381,3,6,0.151515152,0.02090209,0.201515152,0.02090209,"oklahoma acronauties commission 3700 north claussen blvd., suite 240 oklahoma city, ok 73118",Addressee
letter-of-interest-26_slice4.jpg,0.201515152,0.02090209,4,5,0.395454545,0.063806381,0.974242424,0.297029703,dear commission:,Salutation
letter-of-interest-26_slice5.jpg,0.974242424,0.297029703,5,4,0.201515152,0.02090209,0.965151515,0.102310231,"the city of submits this letter af interest to the oklahoma acranautics commission and requests that the projects listed below be considered for inclusion in the airport's development worksheet. an overall development objective (odo) data-sheet is attached for each project listed.  the following projects are listed in priority order:  1. reconstruct. mark and stripe rw 17-35, $450,000, fy. 2005, fy 2006, and fy 2007. npe carried over for 3 years (replace with required project at your airport)  2. replace low intensity ramay fights with median intensity runway. lights,  $125,000, ¥2008. npe finds(replace with required project at your airport)  replace rotating beacon and tower, $25,000, fy-2009. npe finds(replace with  required project at your airport)             to",Body
letter-of-interest-26_slice6.jpg,0.965151515,0.102310231,6,3,0.974242424,0.297029703,0.412121212,0.055005501,"please contact (city representative) at (enter phone number and/or email address) with  any questions,              shaadi:",Body
letter-of-interest-26_slice7.jpg,0.412121212,0.055005501,7,2,0.965151515,0.102310231,0.35,0.02310231,"authorized representative (mion, cls",Sender
letter-of-interest-26_slice8.jpg,0.35,0.02310231,8,1,0.412121212,0.055005501,0,0,,Footer
Letter-of-Introduction-21_slice1.jpg,0.470103093,0.025553663,1,23,0,0,0.18556701,0.008517888,lerter of imtroducnon,Header
Letter-of-Introduction-21_slice2.jpg,0.18556701,0.008517888,2,22,0.470103093,0.025553663,0.257731959,0.01362862,,Addressee
Letter-of-Introduction-21_slice3.jpg,0.257731959,0.01362862,3,21,0.18556701,0.008517888,0.960824742,0.028960818,,Subject
Letter-of-Introduction-21_slice4.jpg,0.960824742,0.028960818,4,20,0.257731959,0.01362862,0.962886598,0.028960818,alo: my name is john wins and i am a senior at cony high school in,Body
Letter-of-Introduction-21_slice5.jpg,0.962886598,0.028960818,5,19,0.960824742,0.028960818,0.960824742,0.028960818,aunusta. 1 also atterd the cantal area technical center in aucusta in the,Body
Letter-of-Introduction-21_slice6.jpg,0.960824742,0.028960818,6,18,0.962886598,0.028960818,0.962886598,0.028960818,computer technolog program. over the last few vears | have developed my,Body
Letter-of-Introduction-21_slice7.jpg,0.962886598,0.028960818,7,17,0.960824742,0.028960818,0.960824742,0.028960818,computer skil areal and look fomtard to pursuina my education and career,Body
Letter-of-Introduction-21_slice8.jpg,0.960824742,0.028960818,8,16,0.962886598,0.028960818,0.962886598,0.028960818,i the computer technoloay feld. a the capital area technical center i have,Body
Letter-of-Introduction-21_slice9.jpg,0.962886598,0.028960818,9,15,0.960824742,0.028960818,0.960824742,0.028960818,completed the pc repair and operativa systems course and passed the a,Body
Letter-of-Introduction-21_slice10.jpg,0.960824742,0.028960818,10,14,0.962886598,0.028960818,0.962886598,0.028960818,plus exam. also. | am curent entolled in the pc networking course. | have,Body
Letter-of-Introduction-21_slice11.jpg,0.962886598,0.028960818,11,13,0.960824742,0.028960818,0.960824742,0.028960818,stron communication and computer sls. including a workina knowledge of,Body
Letter-of-Introduction-21_slice12.jpg,0.960824742,0.028960818,12,12,0.962886598,0.028960818,0.892783505,0.028960818,windows 90 and merasoft word. excel and access. | am a well organized,Body
Letter-of-Introduction-21_slice13.jpg,0.892783505,0.028960818,13,11,0.960824742,0.028960818,0.960824742,0.02725724,highly motivated indvidial ho enfos chalences in a work environment,Body
Letter-of-Introduction-21_slice14.jpg,0.960824742,0.02725724,14,10,0.892783505,0.028960818,0.960824742,0.028960818,i am an aclve patiopant in my area church as well as other local,Body
Letter-of-Introduction-21_slice15.jpg,0.960824742,0.028960818,15,9,0.960824742,0.02725724,0.960824742,0.028960818,i have been an active member in vouth bible stu cls and,Body
Letter-of-Introduction-21_slice16.jpg,0.960824742,0.028960818,16,8,0.960824742,0.028960818,0.964948454,0.028960818,the youth croup of the unted: methodist church in aucusta for sx vears,Body
Letter-of-Introduction-21_slice17.jpg,0.964948454,0.028960818,17,7,0.960824742,0.028960818,0.962886598,0.028960818,also. | have partcipated in two vouth mission ths to wark an the homes of,Body
Letter-of-Introduction-21_slice18.jpg,0.962886598,0.028960818,18,6,0.964948454,0.028960818,0.962886598,0.02725724,low-income residents. the mission tries reaure a ten morth commitment of,Body
Letter-of-Introduction-21_slice19.jpg,0.962886598,0.02725724,19,5,0.962886598,0.028960818,0.962886598,0.028960818,"fundraising, as well as the actual ten days of work. | am also a junr",Body
Letter-of-Introduction-21_slice20.jpg,0.962886598,0.028960818,20,4,0.962886598,0.02725724,0.507216495,0.023850085,firahter for our town. a member of the boy scouts. and a valuer for,Body
Letter-of-Introduction-21_slice21.jpg,0.507216495,0.023850085,21,3,0.962886598,0.028960818,0.962886598,0.028960818,varous school and communi tunclions,Body
Letter-of-Introduction-21_slice22.jpg,0.962886598,0.028960818,22,2,0.507216495,0.023850085,0.863917526,0.028960818,"after hich school araduatin, | nln to eam a dectee in computer techroloas",Body
Letter-of-Introduction-21_slice23.jpg,0.863917526,0.028960818,23,1,0.962886598,0.028960818,0,0,and enhance my skils by wotkina for a business inthe computer ld,Body
letter-of-justification-for-funding-sample_210-1_slice1.png,0.738486842,0.125237192,1,5,0,0,0.945723684,0.246679317,letter of justification for funding sample  re: justification for state park funding,Header
letter-of-justification-for-funding-sample_210-1_slice2.png,0.945723684,0.246679317,2,4,0.738486842,0.125237192,0.972039474,0.146110057,"dear mr. kenyon,  i am writing to ask for your consideration about granting the department of agriculture $2 millon for a mult-year contract with the wikdife trust, to assume the role of maintaining the natural widlife balance within our state parks. according to information already provided there are funds available for the first year of tis proposal.",Body
letter-of-justification-for-funding-sample_210-1_slice3.png,0.972039474,0.146110057,3,3,0.945723684,0.246679317,0.861842105,0.043643264,"as you are aware, maintaining state parks is one of our governmental remits, and the wildife trust has already been used successfully in texas and arizona, and offers a considerable saving over our current provider. with a tough defict to reign in i feel this would be a sound decision",Body
letter-of-justification-for-funding-sample_210-1_slice4.png,0.861842105,0.043643264,4,2,0.972039474,0.146110057,0.118421053,0.034155598,i further information is required please call my office on (505) 142-8558,Body
letter-of-justification-for-funding-sample_210-1_slice5.png,0.118421053,0.034155598,5,1,0.861842105,0.043643264,0,0,"sincerely,",Closure
letter-of-promotion-to-employee-sample_268-0_slice1.png,0.732348112,0.230916031,1,5,0,0,0.972085386,0.145038168,"letter of promotion to employee sample  emily r. morgan  2189 sycamore circle dallas, tx 75201",Header
letter-of-promotion-to-employee-sample_268-0_slice2.png,0.972085386,0.145038168,2,4,0.732348112,0.230916031,0.954022989,0.082061069,"dear miss. morgan,  we are very pleased to inform you that you have been selected for the position of executive vice president of sales at teldar paper",Body
letter-of-promotion-to-employee-sample_268-0_slice3.png,0.954022989,0.082061069,3,3,0.972085386,0.145038168,0.955665025,0.118320611,"if you accept this new position, you will receive a salary of $104,323 per annum plus full heath card coverage for yourself and 50% for your spouse.",Body
letter-of-promotion-to-employee-sample_268-0_slice4.png,0.955665025,0.118320611,4,2,0.954022989,0.082061069,0.760262726,0.041984733,"your new responsibilities at this job will include managing the sales staff in zone 9, compiling and analyzing all relevant sales information from your sales associates. and reporting your findings once per month to the board of directors",Body
letter-of-promotion-to-employee-sample_268-0_slice5.png,0.760262726,0.041984733,5,1,0.955665025,0.118320611,0,0,let us know as soon as possible if you accept this new position,Body
Letter-of-Recommendation-for-Admission_slice1.jpg,0.911885246,0.034545455,1,8,0,0,0.403688525,0.08,sample letter of recommendation for admission,Header
Letter-of-Recommendation-for-Admission_slice2.jpg,0.403688525,0.08,2,7,0.911885246,0.034545455,0.956967213,0.08,"mounties comment amesors""erecuive mda 100 famernnts gener, ste cota wolli onine",Addressee
Letter-of-Recommendation-for-Admission_slice3.jpg,0.956967213,0.08,3,6,0.403688525,0.08,0.963114754,0.072727273,"fam ring to toin to recommend lit bash for cinision nto the unversty of owe's exeastve mba program. 1 ave inoue lit for 15 yeas, and he has worked for me d malin meslato i anon wil t rse sors",Body
Letter-of-Recommendation-for-Admission_slice4.jpg,0.963114754,0.072727273,4,5,0.956967213,0.08,0.93647541,0.154545455,tatould go what saying that and he is a remariatie markting talent wih an eye or nat roving hi tradtional users but also senting out nto,Body
Letter-of-Recommendation-for-Admission_slice5.jpg,0.93647541,0.154545455,5,4,0.963114754,0.072727273,0.954918033,0.123636364,"let ha alays taken his role seul and s passionate about his esults beyond his passion on drving performance, lit a rtiral leader. and as hart for hs belets he at hs best in a group envorment and s conscoay prost at geting il  a llothr team mermbersto dere te bes rests posse, e ha a very etetve personal sje, and wil b loked t fo continued exeaitve eadershin dv ato",Body
Letter-of-Recommendation-for-Admission_slice6.jpg,0.954918033,0.123636364,6,3,0.93647541,0.154545455,0.727459016,0.027272727,"ihave he deepest nersorl and professinal respect for let, and sincerely bale he wi bing hs uniase enemy, oni, nasir, and ress erea to your clase and dessmom. he has my iahest endorsement. f you have ary avesion about tis rcermmendation or my erdrsement ot lait lease do rt hestate to contact me and |",Body
Letter-of-Recommendation-for-Admission_slice7.jpg,0.727459016,0.027272727,7,2,0.954918033,0.123636364,0.290983607,0.016363636,rnd rants and best wishes fora siccesfu execitive mw css,Closure
Letter-of-Recommendation-for-Admission_slice8.jpg,0.290983607,0.016363636,8,1,0.727459016,0.027272727,0,0,,Sender
letter-of-support-example_slice1.jpg,0.128695652,0.033096927,1,9,0,0,0.132173913,0.035460993,39 jine 200,Date
letter-of-support-example_slice2.jpg,0.132173913,0.035460993,2,8,0.128695652,0.033096927,0.175652174,0.037825059,raleshsimna,Addressee
letter-of-support-example_slice3.jpg,0.175652174,0.037825059,3,7,0.132173913,0.035460993,0.104347826,0.030732861,123 gandhi marg,Addressee
letter-of-support-example_slice4.jpg,0.104347826,0.030732861,4,6,0.175652174,0.037825059,0.217391304,0.040189125,newbely,Addressee
letter-of-support-example_slice5.jpg,0.217391304,0.040189125,5,5,0.104347826,0.030732861,0.973913043,0.236406619,dear lt rales sinha,Salutation
letter-of-support-example_slice6.jpg,0.973913043,0.236406619,6,4,0.217391304,0.040189125,0.08,0.023640662,fam is fete to hank you fo your timely su porting th me ofcis's were! was ina ramshackte. appreciate youraupportandouldance which was realy needed  my itewasi a hopeless tuaton where receive no hels andt was so unt! yourtmely support artved your tmely suppor was crcl and as made a dfference in my hen hopeless ie was my ray athope your guidance and enormous ust placed in me and my aks as paved me the path o,Body
letter-of-support-example_slice7.jpg,0.08,0.023640662,7,3,0.973913043,0.236406619,0.942608696,0.139479905,,Body
letter-of-support-example_slice8.jpg,0.942608696,0.139479905,8,2,0.08,0.023640662,0.187826087,0.082742317,also thi inthe fst ime you have offered helo you have aways shown your compassion and care towards me i would neverforgethe good done ty you in my ite iwould keto thankyou again foryour help wit a feeling of gratude,Body
letter-of-support-example_slice9.jpg,0.187826087,0.082742317,9,1,0.942608696,0.139479905,0,0,"wihvarmregarts, sabnderenn",Closure
PA-SCHOOL-Letter-of-Reference-2-The-Physician-Assistant-Life_slice1.jpg,0.990384615,0.016096579,1,7,0,0,0.718406593,0.024144869,innvileltccon,Header
PA-SCHOOL-Letter-of-Reference-2-The-Physician-Assistant-Life_slice2.jpg,0.718406593,0.024144869,2,6,0.990384615,0.016096579,0.315934066,0.021126761,university of washington,Header
PA-SCHOOL-Letter-of-Reference-2-The-Physician-Assistant-Life_slice3.jpg,0.315934066,0.021126761,3,5,0.718406593,0.024144869,0.417582418,0.021126761,1-Sep-00,Date
PA-SCHOOL-Letter-of-Reference-2-The-Physician-Assistant-Life_slice4.jpg,0.417582418,0.021126761,4,4,0.315934066,0.021126761,0.906593407,0.329979879,re: - stephen jacob pasouin,Subject
PA-SCHOOL-Letter-of-Reference-2-The-Physician-Assistant-Life_slice5.jpg,0.906593407,0.329979879,5,3,0.417582418,0.021126761,0.517857143,0.182092555,"to whont it may concern;  stephen pasquini graduated from the university of wshinglon, september 1999. stephen begon his employment t hall health primary care centr april9, 1996.  stephen is un enthusiastic, conscientious and youl aiented employee with an interest in . medical carr. he began here in our medical records department, a confidential rea which requires answering multiple tlephone lines alphabetiing chants, ab reports and the abiliy to work independently evening hours when most clinic areas were closed  during the wiiter quarter of 1998 he began working as a l aborstory assistant in the hall health center laborntory. stephen oriented quickly. he became familiar with tubes and specimen handling requirements. he also became proficient in leaning blood drawing techniques. he i also willing to eam and help out wherever needed. he hasa calm. confident denneanor and is respecifu t clients and healthcare saft.  itis a plessure to recommend stsphen pasquini to you. if you need further information please contact me at (206) 616-2498.",Body
PA-SCHOOL-Letter-of-Reference-2-The-Physician-Assistant-Life_slice6.jpg,0.517857143,0.182092555,6,2,0.906593407,0.329979879,0.60989011,0.016096579,"sincerly,  40 poas  renester a. fields coontinztor, student & volunteer services hall health primary care conter, 384410 university of washington  seatle, wa 98195",Closure
PA-SCHOOL-Letter-of-Reference-2-The-Physician-Assistant-Life_slice7.jpg,0.60989011,0.016096579,7,1,0.517857143,0.182092555,0,0,soa i,Footer
Sample-Application-Letter-by-Fresher_slice1.jpg,0.351449275,0.035294118,1,11,0,0,0.150362319,0.030252101,application letter by fresher,Header
Sample-Application-Letter-by-Fresher_slice2.jpg,0.150362319,0.030252101,2,10,0.351449275,0.035294118,0.157608696,0.030252101,"august?, 2010",Date
Sample-Application-Letter-by-Fresher_slice3.jpg,0.157608696,0.030252101,3,9,0.150362319,0.030252101,0.157608696,0.028571429,mr c.,Addressee
Sample-Application-Letter-by-Fresher_slice4.jpg,0.157608696,0.028571429,4,8,0.157608696,0.030252101,0.197463768,0.031932773,hindustan tines,Addressee
Sample-Application-Letter-by-Fresher_slice5.jpg,0.197463768,0.031932773,5,7,0.157608696,0.028571429,0.106884058,0.026890756,100. anbur steet,Addressee
Sample-Application-Letter-by-Fresher_slice6.jpg,0.106884058,0.026890756,6,6,0.197463768,0.031932773,0.688405797,0.033613445,chennal-,Addressee
Sample-Application-Letter-by-Fresher_slice7.jpg,0.688405797,0.033613445,7,5,0.106884058,0.026890756,0.085144928,0.026890756,"ret: your avetisement in ine hingustan times cates aunust 1, 2010",Subject
Sample-Application-Letter-by-Fresher_slice8.jpg,0.085144928,0.026890756,8,4,0.688405797,0.033613445,0.969202899,0.359663866,ova se,Salutation
Sample-Application-Letter-by-Fresher_slice9.jpg,0.969202899,0.359663866,9,3,0.085144928,0.026890756,0.161231884,0.028571429,"gong rough ne tires t: sunda, i came across your avertsement ring aoptcaton forthe post oft rice sub-edtors (reshers). ths was pst the job i wa looking for and1 wntoortermysettaso cancioe orina same  trove jst compiles y ma in engisn erature romine prestglous loyol calege and an pursuing a post gratate diploma in ournatsm rough corespondence. though lama fresher. have serveas tre sub eto and editor af my colege and school magazines respectvay, iw to baka a caree in ournaton ans ith hindustan tmes s te bes nevspaperto wor win  allmy educational and technica are dealed ina resume atached to his eter th testimonials rom a fer professors. look fomard tothe opportun of a personaliterview",Body
Sample-Application-Letter-by-Fresher_slice10.jpg,0.161231884,0.028571429,10,2,0.969202899,0.359663866,0.172101449,0.030252101,yours sincere,Closure
Sample-Application-Letter-by-Fresher_slice11.jpg,0.172101449,0.030252101,11,1,0.161231884,0.028571429,0,0,farin grgnaron,Sender
Sample-Application-Letter-for-Referral_slice1.jpg,0.355716878,0.036082474,1,11,0,0,0.150635209,0.032646048,application letter for referral,Header
Sample-Application-Letter-for-Referral_slice2.jpg,0.150635209,0.032646048,2,10,0.355716878,0.036082474,0.159709619,0.030927835,"august, 200",Date
Sample-Application-Letter-for-Referral_slice3.jpg,0.159709619,0.030927835,3,9,0.150635209,0.032646048,0.33030853,0.094501718,mr i,Addressee
Sample-Application-Letter-for-Referral_slice4.jpg,0.33030853,0.094501718,4,8,0.159709619,0.030927835,0.083484574,0.029209622,sivan enterprises rate lites  toro anoatu,Addressee
Sample-Application-Letter-for-Referral_slice5.jpg,0.083484574,0.029209622,5,7,0.33030853,0.094501718,0.740471869,0.034364261,chem,Addressee
Sample-Application-Letter-for-Referral_slice6.jpg,0.740471869,0.034364261,6,6,0.083484574,0.029209622,0.087114338,0.029209622,ret: gopaian (worked as your persona secreliy 1996-2009),Subject
Sample-Application-Letter-for-Referral_slice7.jpg,0.087114338,0.029209622,7,5,0.740471869,0.034364261,0.947368421,0.068728522,dear,Salutation
Sample-Application-Letter-for-Referral_slice8.jpg,0.947368421,0.068728522,8,4,0.087114338,0.029209622,0.969147005,0.237113402,"harsh to appy or the posto persona secrrayin tne kch sank. along wih oinercocuments, thay have requested fr testmonials. woul be grtefilto you f you wit seue a later of referal",Body
Sample-Application-Letter-for-Referral_slice9.jpg,0.969147005,0.237113402,9,3,0.947368421,0.068728522,0.161524501,0.030927835,the joo n svan enerpnises was my frt employment and i was you ino equine me weh at ne expertise bat i have non. i beleve i have been honest and sincere in my work wih you and that yourave avays been satstea. iristat youare the one who knows the test avout my warung expabiy as i have been your persona secrelay fore years in the past go  wehthat youl be my fest rete hope yout say a tat you can in ny fovour  ini aways be rememer wh aitote my ays or ans engioyment win you,Body
Sample-Application-Letter-for-Referral_slice10.jpg,0.161524501,0.030927835,10,2,0.969147005,0.237113402,0.210526316,0.030927835,yours sincerely,Closure
Sample-Application-Letter-for-Referral_slice11.jpg,0.210526316,0.030927835,11,1,0.161524501,0.030927835,0,0,ravsnariar gopalar,Sender
Sample-Complaint-Letter-to-Landlord_slice1.jpg,0.282700422,0.030737705,1,12,0,0,0.122362869,0.022540984,unt newman pate,Sender
Sample-Complaint-Letter-to-Landlord_slice2.jpg,0.122362869,0.022540984,2,11,0.282700422,0.030737705,0.206751055,0.06557377,damn,Sender
Sample-Complaint-Letter-to-Landlord_slice3.jpg,0.206751055,0.06557377,3,10,0.122362869,0.022540984,0.185654008,0.026639344,lewen were mo dearmiect0 200,Sender
Sample-Complaint-Letter-to-Landlord_slice4.jpg,0.185654008,0.026639344,4,9,0.206751055,0.06557377,0.225738397,0.028688525,le jin eir,Addressee
Sample-Complaint-Letter-to-Landlord_slice5.jpg,0.225738397,0.028688525,5,8,0.185654008,0.026639344,0.124472574,0.022540984,nevin rowinans,Addressee
Sample-Complaint-Letter-to-Landlord_slice6.jpg,0.124472574,0.022540984,6,7,0.225738397,0.028688525,0.270042194,0.067622951,,Addressee
Sample-Complaint-Letter-to-Landlord_slice7.jpg,0.270042194,0.067622951,7,6,0.124472574,0.022540984,0.189873418,0.026639344,lowden were mt ft nani mi aint,Addressee
Sample-Complaint-Letter-to-Landlord_slice8.jpg,0.189873418,0.026639344,8,5,0.270042194,0.067622951,0.964135021,0.147540984,dew i netra,Salutation
Sample-Complaint-Letter-to-Landlord_slice9.jpg,0.964135021,0.147540984,9,4,0.189873418,0.026639344,0.947257384,0.18647541,le ths eter seve asa venn conolne mgurdag te read wale sal i te ve a retng th ross sialdabove. water is onl annal tom 1000 n he mnogo 300 te atencon the moti hm penistag a one nets at our crmianivera  msui nndet,Body
Sample-Complaint-Letter-to-Landlord_slice10.jpg,0.947257384,0.18647541,10,3,0.964135021,0.147540984,0.094936709,0.014344262,a aamier has che the caine oth rilem n as deta t a fry naming sys ths afete ver sunni thon fors ott uing hsu hovevec inthe cout rot s woting on t who nt sd nen wach weet be movie we resist oo ave atenio ths connian som os iti ateady tect agour shetues we bot fivard yor,Body
Sample-Complaint-Letter-to-Landlord_slice11.jpg,0.094936709,0.014344262,11,2,0.947257384,0.18647541,0.187763713,0.028688525,,Closure
Sample-Complaint-Letter-to-Landlord_slice12.jpg,0.187763713,0.028688525,12,1,0.094936709,0.014344262,0,0,he p snowden,Sender
Sample-Letter-for-Job-Transfer-For-Employee-Free-Download-min_slice1.jpg,0.430970149,0.042986425,1,9,0,0,0.177238806,0.038461538,sample lote for ob tenner for,Header
Sample-Letter-for-Job-Transfer-For-Employee-Free-Download-min_slice2.jpg,0.177238806,0.038461538,2,8,0.430970149,0.042986425,0.15858209,0.07918552,he state mma,Addressee
Sample-Letter-for-Job-Transfer-For-Employee-Free-Download-min_slice3.jpg,0.15858209,0.07918552,3,7,0.177238806,0.038461538,0.279850746,0.040723982,hr mcg: sit,Addressee
Sample-Letter-for-Job-Transfer-For-Employee-Free-Download-min_slice4.jpg,0.279850746,0.040723982,4,6,0.15858209,0.07918552,0.880597015,0.124434389,sunect lete to o tenstr,Subject
Sample-Letter-for-Job-Transfer-For-Employee-Free-Download-min_slice5.jpg,0.880597015,0.124434389,5,5,0.279850746,0.040723982,0.880597015,0.126696833,ge shai ntr to forn yout at wa o rsme asoceten s vering wi gre vins i ater rng mesos asyasere nere t n have ened a newer o abm is homi e n e t hclev wetconmten ne beween,Body
Sample-Letter-for-Job-Transfer-For-Employee-Free-Download-min_slice6.jpg,0.880597015,0.126696833,6,4,0.880597015,0.124434389,0.554104478,0.040723982,we ae pleased t form nt mmnagerient ts o aht you n a ten on heeg tou nit b movided wit ems tenets y tie we conan. tat you wl ie mult ot not nth sos,Body
Sample-Letter-for-Job-Transfer-For-Employee-Free-Download-min_slice7.jpg,0.554104478,0.040723982,7,3,0.880597015,0.126696833,0.085820896,0.076923077,we eve bat yd poe w be be bst mut at r chice,Body
Sample-Letter-for-Job-Transfer-For-Employee-Free-Download-min_slice8.jpg,0.085820896,0.076923077,8,2,0.554104478,0.040723982,0.154850746,0.038461538,,Closure
Sample-Letter-for-Job-Transfer-For-Employee-Free-Download-min_slice9.jpg,0.154850746,0.038461538,9,1,0.085820896,0.076923077,0,0,asm,Sender
sample-letter-of-adjustment_381-0_slice1.png,0.507563025,0.059602649,1,9,0,0,0.196638655,0.033112583,sample letter of adjustment,Header
sample-letter-of-adjustment_381-0_slice2.png,0.196638655,0.033112583,2,8,0.507563025,0.059602649,0.233613445,0.079470199,noe 5: johnson,Addressee
sample-letter-of-adjustment_381-0_slice3.png,0.233613445,0.079470199,3,7,0.196638655,0.033112583,0.12605042,0.028697572,"606 stratford drive lihue, hi 96786",Addressee
sample-letter-of-adjustment_381-0_slice4.png,0.12605042,0.028697572,4,6,0.233613445,0.079470199,0.971428571,0.123620309,hear nos:,Salutation
sample-letter-of-adjustment_381-0_slice5.png,0.971428571,0.123620309,5,5,0.12605042,0.028697572,0.969747899,0.156732892,"i ance again want to apologize for the mistake we made in shipping you the wrong bicycle. we take order fullliment very seriously, and are investigating the cause of this incident",Body
sample-letter-of-adjustment_381-0_slice6.png,0.969747899,0.156732892,6,4,0.971428571,0.123620309,0.907563025,0.075055188,"in the mean time, we wish to send you the bicycle you ordered, along with a prepaid voucher to send back the incorrect bike. as a token of our appreciation, we also want to include a $100 gift voucher that can be used at any product in  our store",Body
sample-letter-of-adjustment_381-0_slice7.png,0.907563025,0.075055188,7,3,0.969747899,0.156732892,0.087394958,0.01986755,"again, we hope you accept our apologies and the corrections to the above mictaket",Body
sample-letter-of-adjustment_381-0_slice8.png,0.087394958,0.01986755,8,2,0.907563025,0.075055188,0.127731092,0.030905077,,Closure
sample-letter-of-adjustment_381-0_slice9.png,0.127731092,0.030905077,9,1,0.087394958,0.01986755,0,0,alls bites,Sender
sample-letter-of-administration_65-1_slice1.png,0.567656766,0.068119891,1,7,0,0,0.123762376,0.019073569,sample letter of administration,Header
sample-letter-of-administration_65-1_slice2.png,0.123762376,0.019073569,2,6,0.567656766,0.068119891,0.971947195,0.155313351,,Salutation
sample-letter-of-administration_65-1_slice3.png,0.971947195,0.155313351,3,5,0.123762376,0.019073569,0.971947195,0.103542234,"in lieu of your grandfather mr. barker's refusal to carry out the duty of executor of your grandmother harriett barker's wil, we confirm that you are now granted administrative duties over the estate and assets",Body
sample-letter-of-administration_65-1_slice4.png,0.971947195,0.103542234,4,4,0.971947195,0.155313351,0.909240924,0.051771117,"your acceptance creates a legal obligation, making you responsible for executing your grandmother's wishes as set out in her will including dividing all assets",Body
sample-letter-of-administration_65-1_slice5.png,0.909240924,0.051771117,5,3,0.971947195,0.103542234,0.955445545,0.051771117,failure to fullll this obligation may be subjected to penalties under state law,Body
sample-letter-of-administration_65-1_slice6.png,0.955445545,0.051771117,6,2,0.909240924,0.051771117,0.920792079,0.196185286,if you no longer wish to accept this responsibilty please contact us immediately,Body
sample-letter-of-administration_65-1_slice7.png,0.920792079,0.196185286,7,1,0.955445545,0.051771117,0,0,"you will be free to carry out your administrative duties after we receive a final confirmation  yours sincerely,  balby and sons",Closure
Sample-Letter-of-Introduction_slice1.jpg,0.170124481,0.027600849,1,15,0,0,0.273858921,0.033970276,this anerton,Addressee
Sample-Letter-of-Introduction_slice2.jpg,0.273858921,0.033970276,2,14,0.170124481,0.027600849,0.213692946,0.029723992,lfesble décor industy,Addressee
Sample-Letter-of-Introduction_slice3.jpg,0.213692946,0.029723992,3,13,0.273858921,0.033970276,0.124481328,0.01910828,new tzev,Addressee
Sample-Letter-of-Introduction_slice4.jpg,0.124481328,0.01910828,4,12,0.213692946,0.029723992,0.96473029,0.038216561,,Salutation
Sample-Letter-of-Introduction_slice5.jpg,0.96473029,0.038216561,5,11,0.124481328,0.01910828,0.960580913,0.080679406,this is to inform you thati have had a sample atached wih this ater for your,Body
Sample-Letter-of-Introduction_slice6.jpg,0.960580913,0.080679406,6,10,0.96473029,0.038216561,0.960580913,0.038216561,"considerainfor many of yu prod ts witch reare ec fhendly nd nonoisonous materal. since your clentele includes many kid, our materal wil deftly be a",Body
Sample-Letter-of-Introduction_slice7.jpg,0.960580913,0.038216561,7,9,0.960580913,0.080679406,0.960580913,0.080679406,"postive umaroundforyour business as anole. l therefore, woul ike you to ake a",Body
Sample-Letter-of-Introduction_slice8.jpg,0.960580913,0.080679406,8,8,0.960580913,0.038216561,0.497925311,0.038216561,note oft and also do some research fr furher doubt clearance if ny. our ample nastested al pos ale re eauls clearance romrespectve authors and also has,Body
Sample-Letter-of-Introduction_slice9.jpg,0.497925311,0.038216561,9,7,0.960580913,0.080679406,0.962655602,0.038216561,bee recommended by kids safety society,Body
Sample-Letter-of-Introduction_slice10.jpg,0.962655602,0.038216561,10,6,0.497925311,0.038216561,0.960580913,0.038216561,this is o your that nowe     days many big industies are ining to take,Body
Sample-Letter-of-Introduction_slice11.jpg,0.960580913,0.038216561,11,5,0.962655602,0.038216561,0.962655602,0.080679406,advantage of tis method to ust tir business and generale greater profls you,Body
Sample-Letter-of-Introduction_slice12.jpg,0.962655602,0.080679406,12,4,0.960580913,0.038216561,0.840248963,0.038216561,even need note bothered abouts cost whichis vey much ess coms ared to normal materaling used. fo anytyoe of quedes i am avalalefor yout help an tagetner,Body
Sample-Letter-of-Introduction_slice13.jpg,0.840248963,0.038216561,13,3,0.962655602,0.080679406,0.130705394,0.01910828,wil make posaity to have a beter hroudh is new ventire,Body
Sample-Letter-of-Introduction_slice14.jpg,0.130705394,0.01910828,14,2,0.840248963,0.038216561,0.178423237,0.027600849,,Closure
Sample-Letter-of-Introduction_slice15.jpg,0.178423237,0.027600849,15,1,0.130705394,0.01910828,0,0,levis hamor,Sender
Sample-Letter-of-Recommendation2_slice1.jpg,0.17721519,0.023560209,1,10,0,0,0.962025316,0.044502618,,Salutation
Sample-Letter-of-Recommendation2_slice2.jpg,0.962025316,0.044502618,2,9,0.17721519,0.023560209,0.962025316,0.091623037,i s my siemie to meennend the fazil goup to you mr untend an 1 eceny,Body
Sample-Letter-of-Recommendation2_slice3.jpg,0.962025316,0.091623037,3,8,0.962025316,0.044502618,0.597046414,0.041884817,"paramed our lean hone n pan harta: cir agent, dana dala, movie in wan excet seve troup e entre races a molssonnt sie tend to un",Body
Sample-Letter-of-Recommendation2_slice4.jpg,0.597046414,0.041884817,4,7,0.962025316,0.091623037,0.962025316,0.091623037,yan inated ater and and in,Body
Sample-Letter-of-Recommendation2_slice5.jpg,0.962025316,0.091623037,5,6,0.597046414,0.041884817,0.962025316,0.091623037,we vated a namber of moots ban vely and hn pean and deon eftcnt arande vie to cu inte ste atweda never t potent andwe an,Body
Sample-Letter-of-Recommendation2_slice6.jpg,0.962025316,0.091623037,6,5,0.962025316,0.091623037,0.962025316,0.091623037,"ve eased win e whn ve comraced deoma was reson i ir reat. addgesed mies, and legt us abenst of rocesses and pogess tough ching. he",Body
Sample-Letter-of-Recommendation2_slice7.jpg,0.962025316,0.091623037,7,4,0.962025316,0.091623037,0.362869198,0.034031414,"ave mare ami, vas ato extenecy blu in gud in though rete moeniatc and desuneamion lhe denn, ame. mari ako onended her cam and",Body
Sample-Letter-of-Recommendation2_slice8.jpg,0.362869198,0.034031414,8,3,0.962025316,0.091623037,0.962025316,0.091623037,prdestona expe wid,Body
Sample-Letter-of-Recommendation2_slice9.jpg,0.962025316,0.091623037,9,2,0.362869198,0.034031414,0.253164557,0.028795812,we an gnich to the fazil goun fr ter expaie and gonine fter n hing in fad ant artose our dean home. we wah you te sane quad atime wah your ame,Body
Sample-Letter-of-Recommendation2_slice10.jpg,0.253164557,0.028795812,10,1,0.962025316,0.091623037,0,0,amet,Sender
Sample-Warning-Letter_slice1.jpg,0.146892655,0.028355388,1,11,0,0,0.290018832,0.034026465,jornwesson,Addressee
Sample-Warning-Letter_slice2.jpg,0.290018832,0.034026465,2,10,0.146892655,0.028355388,0.111111111,0.024574669,manager sales department,Addressee
Sample-Warning-Letter_slice3.jpg,0.111111111,0.024574669,3,9,0.290018832,0.034026465,0.220338983,0.032136106,gat ites,Addressee
Sample-Warning-Letter_slice4.jpg,0.220338983,0.032136106,4,8,0.111111111,0.024574669,0.056497175,0.017013233,31 avene newyork,Addressee
Sample-Warning-Letter_slice5.jpg,0.056497175,0.017013233,5,7,0.220338983,0.032136106,0.65913371,0.088846881,,Date
Sample-Warning-Letter_slice6.jpg,0.65913371,0.088846881,6,6,0.056497175,0.017013233,0.967984934,0.275992439,sublet waring alnst indecency and inappropriate behaviour,Subject
Sample-Warning-Letter_slice7.jpg,0.967984934,0.275992439,7,5,0.65913371,0.088846881,0.139359699,0.030245747,"this lete serves as a writen warning fora veral altercation that ecurred beeen you and tts domne rlenards ast evening at about 5 o'doc in your department when ms rchards was lae in binging th tina eport f he evening you used indecent language towards he and behaved unprofesionaly wi her infront f other employees  we have received a complaint from ms richards and aked o oter winesses who were present during tre aercaton, you have been in a simlar stuaton before too where you vervaly abused a secretary in ths company, we do not felerte auch behaviour by our  employees and you are beng formally warmed tnt should such behaviour continue, stic acton willbe taken againstyou",Body
Sample-Warning-Letter_slice8.jpg,0.139359699,0.030245747,8,4,0.967984934,0.275992439,0.116760829,0.026465028,wit regards,Closure
Sample-Warning-Letter_slice9.jpg,0.116760829,0.026465028,9,3,0.139359699,0.030245747,0.13747646,0.030245747,your wi,Closure
Sample-Warning-Letter_slice10.jpg,0.13747646,0.030245747,10,2,0.116760829,0.026465028,0.225988701,0.032136106,kate jackson,Sender
Sample-Warning-Letter_slice11.jpg,0.225988701,0.032136106,11,1,0.13747646,0.030245747,0,0,head hr department,Sender
veterans-day-sample-letter-2013-2-638_slice1.jpg,0.133858268,0.028571429,1,9,0,0,0.12992126,0.028571429,notion,Header
veterans-day-sample-letter-2013-2-638_slice2.jpg,0.12992126,0.028571429,2,8,0.133858268,0.028571429,0.862204724,0.044155844,iwan,Salutation
veterans-day-sample-letter-2013-2-638_slice3.jpg,0.862204724,0.044155844,3,7,0.12992126,0.028571429,0.966535433,0.168831169,dais an noorint dar for amercan. e may pastores n vchour,Body
veterans-day-sample-letter-2013-2-638_slice4.jpg,0.966535433,0.168831169,4,6,0.862204724,0.044155844,0.964566929,0.088311688,"sors hve foalt brawl and with orto fod on redone. mayo is now onmof the soerse toda ha ircude ash memard women. today's ros re fst nea var onterror and e vavrnts beter them, male perional sette for ue all novevinoncanbea saite. ettesa sods une i maire",Body
veterans-day-sample-letter-2013-2-638_slice5.jpg,0.964566929,0.088311688,5,5,0.966535433,0.168831169,0.962598425,0.168831169,nth vewars du 2013 the midds scolitaint a seneca maile schol wit t thal you baen same income l i oe aoi mt it mel tree ome,Body
veterans-day-sample-letter-2013-2-638_slice6.jpg,0.962598425,0.168831169,6,4,0.964566929,0.088311688,0.588582677,0.044155844,thas thaw vile da be ane pease anong raton. mitoy has ston u thas tre re bean and sean to neni periansour make ference oyu dt wehame tolecnrowet th feedans tat r anonmous wit ourdemacnoy and hoitthe ione a aw ae seran me etw.,Body
veterans-day-sample-letter-2013-2-638_slice7.jpg,0.588582677,0.044155844,7,3,0.962598425,0.168831169,0.086614173,0.018181818,traniyouforyeur sevice nou amed boras. weraize s,Body
veterans-day-sample-letter-2013-2-638_slice8.jpg,0.086614173,0.018181818,8,2,0.588582677,0.044155844,0.088582677,0.018181818,,Closure
veterans-day-sample-letter-2013-2-638_slice9.jpg,0.088582677,0.018181818,9,1,0.086614173,0.018181818,0,0,,Sender
